{"stats":{"minecraft:used":{"minecraft:stone_sword":18,"minecraft:stone_shovel":9,"minecraft:stone_pickaxe":98,"minecraft:wooden_pickaxe":22,"minecraft:stone_axe":47,"minecraft:torch":1,"minecraft:dirt":13,"minecraft:crafting_table":2,"minecraft:furnace":1},"minecraft:picked_up":{"minecraft:stick":2,"minecraft:crafting_table":1,"minecraft:feather":2,"minecraft:chicken":4,"minecraft:spruce_sapling":1,"minecraft:diorite":7,"minecraft:spruce_log":47,"minecraft:dirt":22,"minecraft:raw_copper":10,"minecraft:rotten_flesh":2,"minecraft:beef":10,"minecraft:coal":24,"minecraft:cobblestone":85},"minecraft:custom":{"minecraft:time_since_rest":14774,"minecraft:interact_with_furnace":2,"minecraft:sprint_one_cm":21523,"minecraft:damage_taken":100,"minecraft:walk_one_cm":30754,"minecraft:mob_kills":9,"minecraft:damage_dealt":760,"minecraft:interact_with_crafting_table":6,"minecraft:fly_one_cm":27954,"minecraft:crouch_one_cm":3,"minecraft:play_time":14774,"minecraft:sneak_time":29,"minecraft:jump":181,"minecraft:leave_game":1,"minecraft:time_since_death":14774,"minecraft:total_world_time":14774,"minecraft:fall_one_cm":3820},"minecraft:mined":{"minecraft:large_fern":2,"minecraft:spruce_log":49,"minecraft:crafting_table":1,"minecraft:grass_block":4,"minecraft:coal_ore":24,"minecraft:dirt":18,"minecraft:copper_ore":3,"minecraft:spruce_leaves":3,"minecraft:stone":85,"minecraft:diorite":7,"minecraft:fern":1},"minecraft:crafted":{"minecraft:cooked_beef":10,"minecraft:stone_shovel":1,"minecraft:crafting_table":1,"minecraft:stick":12,"minecraft:spruce_planks":16,"minecraft:wooden_pickaxe":1,"minecraft:stone_pickaxe":1,"minecraft:stone_sword":1,"minecraft:furnace":1,"minecraft:torch":8,"minecraft:stone_axe":1,"minecraft:air":0},"minecraft:killed":{"minecraft:zombie":1,"minecraft:chicken":4,"minecraft:cow":4}},"DataVersion":3700}